Unnamed: 0,author_id,verified_purchase,review_title,reviews,date,reviewer_name,ratings,people_find_helpful,reviewer_profile_url,start_time,end_time,product_name,average_rating,total_reviews,product_category,product_id,brand_name,rank
0,AEIS4XKNHAI6QWFSTDNXS24FLLNQ,True,"""ComfortSoft"" nope","Being named ""comfortsoft"" I assumed soft t-shirt material like an abercrombie and fitch shirt.... these shirts are hard dollar store cotton. By far the least comfortable shirts I own. I bought them for sleeping in the Winter and cant even wear them to sleep, they are that comfortable. Returned 2 of the 4 I bought. Would have returned all 4 but opened the package.
Sizing is odd as well. I wear a Large in Abercrombie (which is known to size smaller than most) This shirt is tighter in the chest and longer in the arms. Perhaps it only feels tighter in the chest because this cotton has almost no stretch to it whatsoever. Once again, the least comfortable shirt I now own. My Mexican thiftshop cotton t-shirts are softer. No exaggeration.","January 16, 2020",Prohomy,2.0,6,https://www.amazon.ca/gp/profile/amzn1.account.AEIS4XKNHAI6QWFSTDNXS24FLLNQ/ref=cm_cr_arp_d_gw_btm?ie=UTF8,2020-10-05 17:15:25.472331,2020-10-05 17:15:25.613895,Hanes Men's ComfortSoft Long-Sleeve T-Shirt (Pack of 2),4.2,,Clothing & Accessories,B06XDB93M8,Hanes Branded Printwear,222
1,AEWEFHBYROFZJEJGO6ZAEX4GMLIQ,True,Not as pictured,"Item in photo does NOT have a tag. Item received does have a tag. Specifically wanted NO tags. Disappointed, but for the price, more of a headache to return. Too bad, wanted to order more of these.","December 30, 2019",Tim W,3.0,4,https://www.amazon.ca/gp/profile/amzn1.account.AEWEFHBYROFZJEJGO6ZAEX4GMLIQ/ref=cm_cr_arp_d_gw_btm?ie=UTF8,2020-10-05 17:15:25.619795,2020-10-05 17:15:25.761316,Hanes Men's ComfortSoft Long-Sleeve T-Shirt (Pack of 2),4.2,,Clothing & Accessories,B06XDB93M8,Hanes Branded Printwear,222
2,AEZT7PXVCX5Z7QQETW5MLAUKWR4A,True,Nice and comfy,"Works well as a sleeping shirt on cold winter nights :) Fits to size nicely, definitely casual and loose fit, not a slim fit... yipee !","January 15, 2018",Enthusiast,5.0,6,https://www.amazon.ca/gp/profile/amzn1.account.AEZT7PXVCX5Z7QQETW5MLAUKWR4A/ref=cm_cr_arp_d_gw_btm?ie=UTF8,2020-10-05 17:15:25.766196,2020-10-05 17:15:25.909667,Hanes Men's ComfortSoft Long-Sleeve T-Shirt (Pack of 2),4.2,,Clothing & Accessories,B06XDB93M8,Hanes Branded Printwear,222
3,AFX43ZLLASNGSSIR5H5ZQDCEEKKA,True,Good,"These do shrink a little bit , so go up a size if your on the edge","August 21, 2018",John Ingham,4.0,6,https://www.amazon.ca/gp/profile/amzn1.account.AFX43ZLLASNGSSIR5H5ZQDCEEKKA/ref=cm_cr_arp_d_gw_btm?ie=UTF8,2020-10-05 17:15:25.914547,2020-10-05 17:15:26.050210,Hanes Men's ComfortSoft Long-Sleeve T-Shirt (Pack of 2),4.2,,Clothing & Accessories,B06XDB93M8,Hanes Branded Printwear,222
4,AFGQ4VBF3MCLMFWC4W6IWUACPHXQ,True,They shrink.,"I like the feel of it. I took 1 size up and after a wash they shrunk to my size.

Take a size or 2 up, depending on how loose fit you want, because they will shrink about a size down in the washer/dryer.","January 8, 2020",michel,5.0,2,https://www.amazon.ca/gp/profile/amzn1.account.AFGQ4VBF3MCLMFWC4W6IWUACPHXQ/ref=cm_cr_arp_d_gw_btm?ie=UTF8,2020-10-05 17:15:26.055091,2020-10-05 17:15:26.190755,Hanes Men's ComfortSoft Long-Sleeve T-Shirt (Pack of 2),4.2,,Clothing & Accessories,B06XDB93M8,Hanes Branded Printwear,222
5,AGZEKVTB3VFSTUNVIFENUT5IA56A,True,GOOD ITEM,"Bought these for son. He said they are comfortable, just wished they were a little longer in the length. When washed they did shrink even though I hung them to dry. I didn't put them in the dryer.","March 2, 2020",SERENDIPITY,5.0,2,https://www.amazon.ca/gp/profile/amzn1.account.AGZEKVTB3VFSTUNVIFENUT5IA56A/ref=cm_cr_arp_d_gw_btm?ie=UTF8,2020-10-05 17:15:26.195668,2020-10-05 17:15:26.341141,Hanes Men's ComfortSoft Long-Sleeve T-Shirt (Pack of 2),4.2,,Clothing & Accessories,B06XDB93M8,Hanes Branded Printwear,222
6,AGM7GJALDBE26YF7JEBHOMHEFRGQ,True,Nice quality of undershirt,"I use it as an undershort because I have woolen sweaters and when I put this under my sweaters, the sweaters don't itch on my chest, arms and back of my body. TIP: If you wash them before wearing them, dry them in hot temperature in the dryer. They will shrink and fit you perfectly.","January 1, 2020",Richard Sabatini,5.0,1,https://www.amazon.ca/gp/profile/amzn1.account.AGM7GJALDBE26YF7JEBHOMHEFRGQ/ref=cm_cr_arp_d_gw_btm?ie=UTF8,2020-10-05 17:15:26.346021,2020-10-05 17:15:26.484614,Hanes Men's ComfortSoft Long-Sleeve T-Shirt (Pack of 2),4.2,,Clothing & Accessories,B06XDB93M8,Hanes Branded Printwear,222
7,AFZVKR3AFPFJPHH56Q3GQDR5PVJA,True,Just right,The shirts are very comfortable good material the first shirtI the seam started coming apart I sent it back they replaced them right away very good to deal with thank you,"February 25, 2020",Chris,5.0,2,https://www.amazon.ca/gp/profile/amzn1.account.AFZVKR3AFPFJPHH56Q3GQDR5PVJA/ref=cm_cr_arp_d_gw_btm?ie=UTF8,2020-10-05 17:15:26.489494,2020-10-05 17:15:26.630037,Hanes Men's ComfortSoft Long-Sleeve T-Shirt (Pack of 2),4.2,,Clothing & Accessories,B06XDB93M8,Hanes Branded Printwear,222
8,AGR75AW3OJXAXUHGXNRSCJR72XKQ,True,Shirt is not soft or comfortable,This was bought for my autistic son and he hated them.I washed them out before he tried them on but he said they felt like itchy scratchy needles on his skin and refused to ever put them on again.He is very sensitive which is why I purposely was looking for very soft and comfortable shirts.He wears other Hanes shirts but these are not soft or comfortable so they do not live up to the name.,"September 3, 2020",Amazon Customer,3.0,1,https://www.amazon.ca/gp/profile/amzn1.account.AGR75AW3OJXAXUHGXNRSCJR72XKQ/ref=cm_cr_arp_d_gw_btm?ie=UTF8,2020-10-05 17:15:26.634917,2020-10-05 17:15:26.808645,Hanes Men's ComfortSoft Long-Sleeve T-Shirt (Pack of 2),4.2,,Clothing & Accessories,B06XDB93M8,Hanes Branded Printwear,222
9,AGNLTZO6HBVYCFIZDF6MCVOISKWQ,True,A bit to long.,"Faded a bit after 2 washes. Bought them for work so I don‚Äôt really care about that. They are a big long to wear untucked. Hate that so I took away a star. For the price I can‚Äôt complain, Welding burns up
My clothing pretty quickly.","May 14, 2019",Greg C,4.0,1,https://www.amazon.ca/gp/profile/amzn1.account.AGNLTZO6HBVYCFIZDF6MCVOISKWQ/ref=cm_cr_arp_d_gw_btm?ie=UTF8,2020-10-05 17:15:26.814500,2020-10-05 17:15:26.979447,Hanes Men's ComfortSoft Long-Sleeve T-Shirt (Pack of 2),4.2,,Clothing & Accessories,B06XDB93M8,Hanes Branded Printwear,222
10,AHRQLVIU2YYMGO72YZLAL6PN5O5Q,True,5 star,Really nice & soft long sleeved t-shirt. Generous sizing to allow for some shrinkage after washing being a 100% cotton fabric this is good. Buying 2 more!,"December 25, 2018",Poppy,5.0,1,https://www.amazon.ca/gp/profile/amzn1.account.AHRQLVIU2YYMGO72YZLAL6PN5O5Q/ref=cm_cr_getr_d_gw_btm?ie=UTF8,2020-10-05 17:15:33.164116,2020-10-05 17:15:33.315364,Hanes Men's ComfortSoft Long-Sleeve T-Shirt (Pack of 2),4.2,,Clothing & Accessories,B06XDB93M8,Hanes Branded Printwear,222
11,AEVXOEORAW2J7SKIDNCKUHJSUQJQ,True,8/10,"The size was spot on before wash and slightly smaller after. It‚Äôs cotton and a lot softer than I expected. And the stitching is tough, for this price I think this is the best none defective product.","March 26, 2019",Fang,5.0,0,https://www.amazon.ca/gp/profile/amzn1.account.AEVXOEORAW2J7SKIDNCKUHJSUQJQ/ref=cm_cr_getr_d_gw_btm?ie=UTF8,2020-10-05 17:15:33.320244,2020-10-05 17:15:33.456931,Hanes Men's ComfortSoft Long-Sleeve T-Shirt (Pack of 2),4.2,,Clothing & Accessories,B06XDB93M8,Hanes Branded Printwear,222
12,AHIJNFCBD27FWAWYTF7SXXWVYJ6A,True,Very nice and soft,Exactly what I needed however shipping was slow (~1 week) despite Prime shipping.,"February 28, 2019",Mooseman,5.0,1,https://www.amazon.ca/gp/profile/amzn1.account.AHIJNFCBD27FWAWYTF7SXXWVYJ6A/ref=cm_cr_getr_d_gw_btm?ie=UTF8,2020-10-05 17:15:33.461808,2020-10-05 17:15:33.627728,Hanes Men's ComfortSoft Long-Sleeve T-Shirt (Pack of 2),4.2,,Clothing & Accessories,B06XDB93M8,Hanes Branded Printwear,222
13,AFALKAWACVBRVCS2UEXGQCNMTOAA,True,Proper sized xl fit.,This shirt is a good fit. Sleeves are good and ling. It hugs the body enoufmgh to double under a tshirt. The xl is a perfect size for a guy my size,"January 15, 2020",David ,4.0,0,https://www.amazon.ca/gp/profile/amzn1.account.AFALKAWACVBRVCS2UEXGQCNMTOAA/ref=cm_cr_getr_d_gw_btm?ie=UTF8,2020-10-05 17:15:33.632609,2020-10-05 17:15:33.790720,Hanes Men's ComfortSoft Long-Sleeve T-Shirt (Pack of 2),4.2,,Clothing & Accessories,B06XDB93M8,Hanes Branded Printwear,222
14,AHW5WUCK34XK7JY4YH7QHS4Z32BA,True,Never cold now,"Enhanced some band shirts I bought to be long sleeve
Great for fall and general Canadian weather
Just fantastic","February 8, 2020",slirth,5.0,0,https://www.amazon.ca/gp/profile/amzn1.account.AHW5WUCK34XK7JY4YH7QHS4Z32BA/ref=cm_cr_getr_d_gw_btm?ie=UTF8,2020-10-05 17:15:33.795600,2020-10-05 17:15:34.009344,Hanes Men's ComfortSoft Long-Sleeve T-Shirt (Pack of 2),4.2,,Clothing & Accessories,B06XDB93M8,Hanes Branded Printwear,222
15,AFXC6HGDBKBIXH262UCKZCBMF6RA,True,Four Stars,"Sleeves are a bit long, size a bit large. Otherwise, it is comfy as expected from cotton shirt.","February 19, 2018",Ray Hui,4.0,2,https://www.amazon.ca/gp/profile/amzn1.account.AFXC6HGDBKBIXH262UCKZCBMF6RA/ref=cm_cr_getr_d_gw_btm?ie=UTF8,2020-10-05 17:15:34.014223,2020-10-05 17:15:34.172368,Hanes Men's ComfortSoft Long-Sleeve T-Shirt (Pack of 2),4.2,,Clothing & Accessories,B06XDB93M8,Hanes Branded Printwear,222
16,AEROQE6VPBZYHVYEMEOT7E2S5KTA,True,amajohn,i don't know why i did not buy all tagless shirts when i started buying clothes online. i've had to replace a couple and went with hanes tags and they're great i'm going to enjoy these new shirts.,"May 15, 2018",john payton,5.0,0,https://www.amazon.ca/gp/profile/amzn1.account.AEROQE6VPBZYHVYEMEOT7E2S5KTA/ref=cm_cr_getr_d_gw_btm?ie=UTF8,2020-10-05 17:15:34.177248,2020-10-05 17:15:34.346063,Hanes Men's ComfortSoft Long-Sleeve T-Shirt (Pack of 2),4.2,,Clothing & Accessories,B06XDB93M8,Hanes Branded Printwear,222
17,AHJQEI3WDCOUM54XYZKHHQ6DO74A,True,Comfortable but easy holes,"It was perfect to wear like twice...it wasn't long before I got holes in the arm pit of the shirt, which is pretty disappointing honestly.","February 14, 2020",Ginelle Clift,2.0,0,https://www.amazon.ca/gp/profile/amzn1.account.AHJQEI3WDCOUM54XYZKHHQ6DO74A/ref=cm_cr_getr_d_gw_btm?ie=UTF8,2020-10-05 17:15:34.351920,2020-10-05 17:15:34.505150,Hanes Men's ComfortSoft Long-Sleeve T-Shirt (Pack of 2),4.2,,Clothing & Accessories,B06XDB93M8,Hanes Branded Printwear,222
18,AHHMPZUYIIWBEHC53FDV5ROEP5DQ,True,Opp,"Well, I was hoping to buy sleeping t-shirts, then to come to find, I felt like I look like I was prison. By the way, I am female. My mistake.","May 19, 2020",Natasha Damico,2.0,0,https://www.amazon.ca/gp/profile/amzn1.account.AHHMPZUYIIWBEHC53FDV5ROEP5DQ/ref=cm_cr_getr_d_gw_btm?ie=UTF8,2020-10-05 17:15:34.510030,2020-10-05 17:15:34.676928,Hanes Men's ComfortSoft Long-Sleeve T-Shirt (Pack of 2),4.2,,Clothing & Accessories,B06XDB93M8,Hanes Branded Printwear,222
19,AHTB35KOIFJLEYHHJKCGKIPPRFSQ,True,Really good buy!,"Locally long sleeve T-shirts like this are from $20.00-30.00 a pop, which makes these a solid buy. A+","January 24, 2020",A. Roy,5.0,0,https://www.amazon.ca/gp/profile/amzn1.account.AHTB35KOIFJLEYHHJKCGKIPPRFSQ/ref=cm_cr_getr_d_gw_btm?ie=UTF8,2020-10-05 17:15:34.683759,2020-10-05 17:15:34.839919,Hanes Men's ComfortSoft Long-Sleeve T-Shirt (Pack of 2),4.2,,Clothing & Accessories,B06XDB93M8,Hanes Branded Printwear,222
20,AFB75UGQHSXWVYSLJXAIPGHRXNCQ,True,Great shirt,"The size is ok, the fit is great so is the color. The price is amazing. I will buy others. Hanes are great.","January 1, 2020",Jeff B.,5.0,0,https://www.amazon.ca/gp/profile/amzn1.account.AFB75UGQHSXWVYSLJXAIPGHRXNCQ/ref=cm_cr_getr_d_gw_btm?ie=UTF8,2020-10-05 17:15:40.000444,2020-10-05 17:15:40.143914,Hanes Men's ComfortSoft Long-Sleeve T-Shirt (Pack of 2),4.2,,Clothing & Accessories,B06XDB93M8,Hanes Branded Printwear,222
21,AEFBKFGRTIO4HWZQYV4REX2WZHZA,True,Average quality,"Clothes feels a bit itchy to my skin, maybe just wash it few times and the itchy feeling hope will get rid","May 28, 2020",Jane,2.0,0,https://www.amazon.ca/gp/profile/amzn1.account.AEFBKFGRTIO4HWZQYV4REX2WZHZA/ref=cm_cr_getr_d_gw_btm?ie=UTF8,2020-10-05 17:15:40.148793,2020-10-05 17:15:40.295194,Hanes Men's ComfortSoft Long-Sleeve T-Shirt (Pack of 2),4.2,,Clothing & Accessories,B06XDB93M8,Hanes Branded Printwear,222
22,AHP33ZRMM7CZM2KF7PFVVRIPVDQA,True,Material not as listed,"The ad said they were 100% cotton, but in reality on the grey ones, the material tag says 90% Cotton, 10% Polyester","November 24, 2019",Peter W.,4.0,0,https://www.amazon.ca/gp/profile/amzn1.account.AHP33ZRMM7CZM2KF7PFVVRIPVDQA/ref=cm_cr_getr_d_gw_btm?ie=UTF8,2020-10-05 17:15:40.300075,2020-10-05 17:15:40.448425,Hanes Men's ComfortSoft Long-Sleeve T-Shirt (Pack of 2),4.2,,Clothing & Accessories,B06XDB93M8,Hanes Branded Printwear,222
23,AHME4HNECSE4B3HXWWNYVUHL6MQA,True,Great product,Good fit and feels good to wear .. pure cotton bought 3 shades to wear at work all week ..,"July 22, 2020",dino,5.0,0,https://www.amazon.ca/gp/profile/amzn1.account.AHME4HNECSE4B3HXWWNYVUHL6MQA/ref=cm_cr_getr_d_gw_btm?ie=UTF8,2020-10-05 17:15:40.453305,2020-10-05 17:15:40.596779,Hanes Men's ComfortSoft Long-Sleeve T-Shirt (Pack of 2),4.2,,Clothing & Accessories,B06XDB93M8,Hanes Branded Printwear,222
24,AGWO7WWK5TO6CSECRJ4WFERVPCZQ,True,Good material,"Good shirt material, buy one size bigger cause they shrink little after wash and dryer","March 4, 2020",AD,4.0,0,https://www.amazon.ca/gp/profile/amzn1.account.AGWO7WWK5TO6CSECRJ4WFERVPCZQ/ref=cm_cr_getr_d_gw_btm?ie=UTF8,2020-10-05 17:15:40.601657,2020-10-05 17:15:40.750010,Hanes Men's ComfortSoft Long-Sleeve T-Shirt (Pack of 2),4.2,,Clothing & Accessories,B06XDB93M8,Hanes Branded Printwear,222
25,AE4NCWTMJSIY6NETDPA7UELAUDQQ,True,Perfect fit,"Fit Perfectly,

I took a medium and I'm 5 11 & 175 pounds.","December 18, 2019",David,5.0,0,https://www.amazon.ca/gp/profile/amzn1.account.AE4NCWTMJSIY6NETDPA7UELAUDQQ/ref=cm_cr_getr_d_gw_btm?ie=UTF8,2020-10-05 17:15:40.754889,2020-10-05 17:15:40.886649,Hanes Men's ComfortSoft Long-Sleeve T-Shirt (Pack of 2),4.2,,Clothing & Accessories,B06XDB93M8,Hanes Branded Printwear,222
26,AFFKS3TTDK72LLC3LICYRT3ZNVSA,True,"Great fit, not overly soft","Great shirts, love the simple style and great fit. Only downside is the fabric is not overly soft.","January 27, 2020",Cyril Iwanegbe,4.0,0,https://www.amazon.ca/gp/profile/amzn1.account.AFFKS3TTDK72LLC3LICYRT3ZNVSA/ref=cm_cr_getr_d_gw_btm?ie=UTF8,2020-10-05 17:15:40.891528,2020-10-05 17:15:41.024264,Hanes Men's ComfortSoft Long-Sleeve T-Shirt (Pack of 2),4.2,,Clothing & Accessories,B06XDB93M8,Hanes Branded Printwear,222
27,AGH4MG5OWNN5C6PE3RQLUCHTL2JA,True,Just ok,Not my favorite,"April 13, 2018",GerryMac,3.0,3,https://www.amazon.ca/gp/profile/amzn1.account.AGH4MG5OWNN5C6PE3RQLUCHTL2JA/ref=cm_cr_getr_d_gw_btm?ie=UTF8,2020-10-05 17:15:41.031097,2020-10-05 17:15:41.171640,Hanes Men's ComfortSoft Long-Sleeve T-Shirt (Pack of 2),4.2,,Clothing & Accessories,B06XDB93M8,Hanes Branded Printwear,222
28,AHFJE2GD3B6654JQ2FEBFML22G3Q,True,Perfect,"Nice and loose, just what I wanted to wear around the house, the fleece should keep me nice and cozy in winter nights. Been buying Hanes for many years.","June 3, 2020",aaron feldman,4.0,0,https://www.amazon.ca/gp/profile/amzn1.account.AHFJE2GD3B6654JQ2FEBFML22G3Q/ref=cm_cr_getr_d_gw_btm?ie=UTF8,2020-10-05 17:15:41.177495,2020-10-05 17:15:41.308280,Hanes Men's ComfortSoft Long-Sleeve T-Shirt (Pack of 2),4.2,,Clothing & Accessories,B06XDB93M8,Hanes Branded Printwear,222
29,AHDNIY7VZYFZE2VE7W4PAZOYML5A,True,These t-shirts are warm and great for sleeping.,"I have the same kind of t-shirts but with short sleeves, I use them for sleeping but I wanted to buy t-shirt with long sleeves because they are warmer for the winter. I couldn't find them in stores so I ordered from Amazon.","December 4, 2019",Claudio,5.0,0,https://www.amazon.ca/gp/profile/amzn1.account.AHDNIY7VZYFZE2VE7W4PAZOYML5A/ref=cm_cr_getr_d_gw_btm?ie=UTF8,2020-10-05 17:15:41.313160,2020-10-05 17:15:41.469362,Hanes Men's ComfortSoft Long-Sleeve T-Shirt (Pack of 2),4.2,,Clothing & Accessories,B06XDB93M8,Hanes Branded Printwear,222
30,AG4HKPNDMYES6QDGXCCXDWBJ6C6A,True,Good quality product,"Nice T-Shirts, really nice material and they are good quality.","January 20, 2020",Ignacio,5.0,0,https://www.amazon.ca/gp/profile/amzn1.account.AG4HKPNDMYES6QDGXCCXDWBJ6C6A/ref=cm_cr_getr_d_gw_btm?ie=UTF8,2020-10-05 17:15:47.591474,2020-10-05 17:15:47.737874,Hanes Men's ComfortSoft Long-Sleeve T-Shirt (Pack of 2),4.2,,Clothing & Accessories,B06XDB93M8,Hanes Branded Printwear,222
31,AFK7IMRSRWBJ7PVLLHGW4X56EAXA,True,Quality,"Exactly as advertised, good for hot summer days were sun exposure is an issue","July 12, 2019",Amazon Customer,5.0,0,https://www.amazon.ca/gp/profile/amzn1.account.AFK7IMRSRWBJ7PVLLHGW4X56EAXA/ref=cm_cr_getr_d_gw_btm?ie=UTF8,2020-10-05 17:15:47.742754,2020-10-05 17:15:47.887201,Hanes Men's ComfortSoft Long-Sleeve T-Shirt (Pack of 2),4.2,,Clothing & Accessories,B06XDB93M8,Hanes Branded Printwear,222
32,AEJXIU5WZ2Y4LB6RUNPK6YTEGMJQ,True,Not 100% cotton as advertised. Beware,Not 100% cotton as mentioned. After I received I found it is 90% cotton and 10% polyester. I am allergic to synthetic threads so it is of no use to me now.,"March 15, 2019",Somnath Banerjee,1.0,0,https://www.amazon.ca/gp/profile/amzn1.account.AEJXIU5WZ2Y4LB6RUNPK6YTEGMJQ/ref=cm_cr_getr_d_gw_btm?ie=UTF8,2020-10-05 17:15:47.892082,2020-10-05 17:15:48.030675,Hanes Men's ComfortSoft Long-Sleeve T-Shirt (Pack of 2),4.2,,Clothing & Accessories,B06XDB93M8,Hanes Branded Printwear,222
33,AHTQ3FCCOA7RCQA4M4Z443IA2ZVA,True,Three Stars,shrunk one size,"November 12, 2017",steve horoky,3.0,3,https://www.amazon.ca/gp/profile/amzn1.account.AHTQ3FCCOA7RCQA4M4Z443IA2ZVA/ref=cm_cr_getr_d_gw_btm?ie=UTF8,2020-10-05 17:15:48.035553,2020-10-05 17:15:48.172193,Hanes Men's ComfortSoft Long-Sleeve T-Shirt (Pack of 2),4.2,,Clothing & Accessories,B06XDB93M8,Hanes Branded Printwear,222
34,AGIMSA6AS5S7GIKAB4KBJRAHU6YA,True,Good quality,"Fit as expected. good quality, does not shrink when washed & dried in the dryer.","December 4, 2019",Bev Louks,5.0,0,https://www.amazon.ca/gp/profile/amzn1.account.AGIMSA6AS5S7GIKAB4KBJRAHU6YA/ref=cm_cr_getr_d_gw_btm?ie=UTF8,2020-10-05 17:15:48.180977,2020-10-05 17:15:48.320544,Hanes Men's ComfortSoft Long-Sleeve T-Shirt (Pack of 2),4.2,,Clothing & Accessories,B06XDB93M8,Hanes Branded Printwear,222
35,AFC5EGQTOCN5BF4YZLBZ4T7I5PGQ,True,Not bad for the price,"For the price these are not bad shirts. If you like big and bulky with no real shape they will work fine. If you are a stylish person, these are not for you. I will mainly be using them as undershirts so they will work just fine.","October 11, 2018",BMW,3.0,0,https://www.amazon.ca/gp/profile/amzn1.account.AFC5EGQTOCN5BF4YZLBZ4T7I5PGQ/ref=cm_cr_getr_d_gw_btm?ie=UTF8,2020-10-05 17:15:48.325425,2020-10-05 17:15:48.454256,Hanes Men's ComfortSoft Long-Sleeve T-Shirt (Pack of 2),4.2,,Clothing & Accessories,B06XDB93M8,Hanes Branded Printwear,222
36,AHEBVADBDMZBKLNLTATELRABY37A,True,More like ComfortRough,"After two washings, the cloth stills feels stiff and rough.","May 23, 2020",A. Tow,2.0,0,https://www.amazon.ca/gp/profile/amzn1.account.AHEBVADBDMZBKLNLTATELRABY37A/ref=cm_cr_getr_d_gw_btm?ie=UTF8,2020-10-05 17:15:48.459136,2020-10-05 17:15:48.599716,Hanes Men's ComfortSoft Long-Sleeve T-Shirt (Pack of 2),4.2,,Clothing & Accessories,B06XDB93M8,Hanes Branded Printwear,222
37,AERQAEUPNOOQIEQ6YNJT7KQVI36A,True,Would buy again,Love these shirts they're perfect and durable,"April 14, 2019",Denis Begue Lafleur,5.0,0,https://www.amazon.ca/gp/profile/amzn1.account.AERQAEUPNOOQIEQ6YNJT7KQVI36A/ref=cm_cr_getr_d_gw_btm?ie=UTF8,2020-10-05 17:15:48.604643,2020-10-05 17:15:48.742256,Hanes Men's ComfortSoft Long-Sleeve T-Shirt (Pack of 2),4.2,,Clothing & Accessories,B06XDB93M8,Hanes Branded Printwear,222
38,AGVZBGEPYSRNLFNVU5SQHOSOITCQ,True,Extreme value,"The value proposition for this product is extremely high, the material might not be the best, but the overall quality of this product at this price point is unmatched.","December 16, 2019",JackWestSide,5.0,0,https://www.amazon.ca/gp/profile/amzn1.account.AGVZBGEPYSRNLFNVU5SQHOSOITCQ/ref=cm_cr_getr_d_gw_btm?ie=UTF8,2020-10-05 17:15:48.747137,2020-10-05 17:15:48.889635,Hanes Men's ComfortSoft Long-Sleeve T-Shirt (Pack of 2),4.2,,Clothing & Accessories,B06XDB93M8,Hanes Branded Printwear,222
39,AGRZIDBSH34WSZTOI2MJSS4Q2YMA,True,Feels like custom-made!,"I bought this as an undershirt and I was pleasantly surprised at how well it fit, despite my bulging tummy. I highly recommend this tee.","May 12, 2020",Cognac Debonnaire,5.0,0,https://www.amazon.ca/gp/profile/amzn1.account.AGRZIDBSH34WSZTOI2MJSS4Q2YMA/ref=cm_cr_getr_d_gw_btm?ie=UTF8,2020-10-05 17:15:48.895488,2020-10-05 17:15:49.027248,Hanes Men's ComfortSoft Long-Sleeve T-Shirt (Pack of 2),4.2,,Clothing & Accessories,B06XDB93M8,Hanes Branded Printwear,222
40,AEGNDEOLC66X355XMHQWK5MIO4VQ,True,Good quality product.,Useful top when hiking/canoeing as a night cover.,"June 13, 2019",Stubby,5.0,0,https://www.amazon.ca/gp/profile/amzn1.account.AEGNDEOLC66X355XMHQWK5MIO4VQ/ref=cm_cr_getr_d_gw_btm?ie=UTF8,2020-10-05 17:15:53.135849,2020-10-05 17:15:53.270535,Hanes Men's ComfortSoft Long-Sleeve T-Shirt (Pack of 2),4.2,,Clothing & Accessories,B06XDB93M8,Hanes Branded Printwear,222
41,AEC7MATDE5XF6JLRVLBMLUEJECXA,True,Not quite comfort/soft,"It‚Äôs more a thick/stiff fabric than I was expecting considering the word ComfortSoft is in the tittle.
Also the actual product colour doesn‚Äôt match the pictures","January 29, 2020",Amazon Customer,3.0,0,https://www.amazon.ca/gp/profile/amzn1.account.AEC7MATDE5XF6JLRVLBMLUEJECXA/ref=cm_cr_getr_d_gw_btm?ie=UTF8,2020-10-05 17:15:53.275415,2020-10-05 17:15:53.408193,Hanes Men's ComfortSoft Long-Sleeve T-Shirt (Pack of 2),4.2,,Clothing & Accessories,B06XDB93M8,Hanes Branded Printwear,222
42,AEVU5BZG5ADUAEN47GXFU6JAVB5A,True,Nice and comfortable !,"Nice and comfortable for inside, outside comfort! Thanks.","May 10, 2020",Jack Levesque,5.0,0,https://www.amazon.ca/gp/profile/amzn1.account.AEVU5BZG5ADUAEN47GXFU6JAVB5A/ref=cm_cr_getr_d_gw_btm?ie=UTF8,2020-10-05 17:15:53.413073,2020-10-05 17:15:53.554591,Hanes Men's ComfortSoft Long-Sleeve T-Shirt (Pack of 2),4.2,,Clothing & Accessories,B06XDB93M8,Hanes Branded Printwear,222
43,AFTVUJRJYMBIBCUCABLG4JYJT3YA,True,Great shirts will buy again,I made shirts for Christmas they are great quality,"January 8, 2020",Amazon Customer,5.0,0,https://www.amazon.ca/gp/profile/amzn1.account.AFTVUJRJYMBIBCUCABLG4JYJT3YA/ref=cm_cr_getr_d_gw_btm?ie=UTF8,2020-10-05 17:15:53.559472,2020-10-05 17:15:53.696111,Hanes Men's ComfortSoft Long-Sleeve T-Shirt (Pack of 2),4.2,,Clothing & Accessories,B06XDB93M8,Hanes Branded Printwear,222
44,AERM4EBHKE3ZPEB2Q3PRIXJPASVQ,True,Boyfriend Dress üö®,"Honestly! I bought this for my husband but it looks banging as a dress, paired with sheer leggings and high thigh boots üëåüèæ","January 20, 2020",Amanda ,5.0,0,https://www.amazon.ca/gp/profile/amzn1.account.AERM4EBHKE3ZPEB2Q3PRIXJPASVQ/ref=cm_cr_getr_d_gw_btm?ie=UTF8,2020-10-05 17:15:53.700991,2020-10-05 17:15:53.843487,Hanes Men's ComfortSoft Long-Sleeve T-Shirt (Pack of 2),4.2,,Clothing & Accessories,B06XDB93M8,Hanes Branded Printwear,222
45,AHXMXES3AFRUP6MPCI23EBT2RUQQ,True,Good quality,Durable. Not the softest material,"April 20, 2019",Amazon Customer,4.0,0,https://www.amazon.ca/gp/profile/amzn1.account.AHXMXES3AFRUP6MPCI23EBT2RUQQ/ref=cm_cr_getr_d_gw_btm?ie=UTF8,2020-10-05 17:15:53.849343,2020-10-05 17:15:53.979186,Hanes Men's ComfortSoft Long-Sleeve T-Shirt (Pack of 2),4.2,,Clothing & Accessories,B06XDB93M8,Hanes Branded Printwear,222
46,AFKUXW2EMJ3BARCTIUIG6KFNON7A,True,Not great quality,The material seems very cheap and does not wash very nicely. It is stiff and doesn't hold the shape after a few washings.,"August 13, 2020",Amazon Customer,2.0,0,https://www.amazon.ca/gp/profile/amzn1.account.AFKUXW2EMJ3BARCTIUIG6KFNON7A/ref=cm_cr_getr_d_gw_btm?ie=UTF8,2020-10-05 17:15:53.984065,2020-10-05 17:15:54.129490,Hanes Men's ComfortSoft Long-Sleeve T-Shirt (Pack of 2),4.2,,Clothing & Accessories,B06XDB93M8,Hanes Branded Printwear,222
47,AGAEGVP2BGIOU5NQOTF7NK3PRTWQ,True,Excellent,Has tags but are there only for info and easily torn off! They do shrink just a hair but are still just as I thought they would be!,"March 8, 2020",Dave Veinot,5.0,0,https://www.amazon.ca/gp/profile/amzn1.account.AGAEGVP2BGIOU5NQOTF7NK3PRTWQ/ref=cm_cr_getr_d_gw_btm?ie=UTF8,2020-10-05 17:15:54.134370,2020-10-05 17:15:54.282721,Hanes Men's ComfortSoft Long-Sleeve T-Shirt (Pack of 2),4.2,,Clothing & Accessories,B06XDB93M8,Hanes Branded Printwear,222
48,AGLARPJ44TI7X3H5JBUI6PNGDUVA,True,Not very soft at all,Not very soft at all.,"March 27, 2020",Amazon Customer,1.0,0,https://www.amazon.ca/gp/profile/amzn1.account.AGLARPJ44TI7X3H5JBUI6PNGDUVA/ref=cm_cr_getr_d_gw_btm?ie=UTF8,2020-10-05 17:15:54.287600,2020-10-05 17:15:54.435952,Hanes Men's ComfortSoft Long-Sleeve T-Shirt (Pack of 2),4.2,,Clothing & Accessories,B06XDB93M8,Hanes Branded Printwear,222
49,AFJZ7I6FHGLCHGVGVSU2GOMYI3IA,True,i like it,comfortable shirt,"September 28, 2020",Gene,5.0,0,https://www.amazon.ca/gp/profile/amzn1.account.AFJZ7I6FHGLCHGVGVSU2GOMYI3IA/ref=cm_cr_getr_d_gw_btm?ie=UTF8,2020-10-05 17:15:54.440832,2020-10-05 17:15:54.572633,Hanes Men's ComfortSoft Long-Sleeve T-Shirt (Pack of 2),4.2,,Clothing & Accessories,B06XDB93M8,Hanes Branded Printwear,222
50,AGBNK63LK6CL4RDDU7IMCX55KGPQ,True,Overall happy,I like the Tshirt only arm length is long otherwise it is super üòÄüòÄüòÄ,"July 27, 2020",Birendra poudel,4.0,0,https://www.amazon.ca/gp/profile/amzn1.account.AGBNK63LK6CL4RDDU7IMCX55KGPQ/ref=cm_cr_getr_d_gw_btm?ie=UTF8,2020-10-05 17:15:59.678870,2020-10-05 17:15:59.849668,Hanes Men's ComfortSoft Long-Sleeve T-Shirt (Pack of 2),4.2,,Clothing & Accessories,B06XDB93M8,Hanes Branded Printwear,222
51,AF2BTJNYV4F5ZFB6QSUB4HADCWUA,True,Good value,"I got this for my husband as an undershirt/extra layer as he works outside. Good value, quality & fit.","January 17, 2020",JT,5.0,0,https://www.amazon.ca/gp/profile/amzn1.account.AF2BTJNYV4F5ZFB6QSUB4HADCWUA/ref=cm_cr_getr_d_gw_btm?ie=UTF8,2020-10-05 17:15:59.854548,2020-10-05 17:16:00.963283,Hanes Men's ComfortSoft Long-Sleeve T-Shirt (Pack of 2),4.2,,Clothing & Accessories,B06XDB93M8,Hanes Branded Printwear,222
52,AHFZEOQROOKLWAPLZSR5TBWNMIHQ,True,They shrink a lot,"They shrink A LOT!
I‚Äôm a Lg so I ordered xl just in case. Boy was I wrong. They shrink to a med size!
Should have ordered xxl...","June 12, 2020",Evan,2.0,0,https://www.amazon.ca/gp/profile/amzn1.account.AHFZEOQROOKLWAPLZSR5TBWNMIHQ/ref=cm_cr_getr_d_gw_btm?ie=UTF8,2020-10-05 17:16:00.969138,2020-10-05 17:16:01.176049,Hanes Men's ComfortSoft Long-Sleeve T-Shirt (Pack of 2),4.2,,Clothing & Accessories,B06XDB93M8,Hanes Branded Printwear,222
53,AHIIK6CORRMO676BQQYV3IBZM7LA,True,Comfy and roomy tee shirt,Comfy to wear under a shirt or by itself,"September 24, 2019",MaureenDerbyshire,4.0,0,https://www.amazon.ca/gp/profile/amzn1.account.AHIIK6CORRMO676BQQYV3IBZM7LA/ref=cm_cr_getr_d_gw_btm?ie=UTF8,2020-10-05 17:16:01.182882,2020-10-05 17:16:01.335137,Hanes Men's ComfortSoft Long-Sleeve T-Shirt (Pack of 2),4.2,,Clothing & Accessories,B06XDB93M8,Hanes Branded Printwear,222
54,AHLUOSATH4DMONWYXCUCQWLGUIGA,True,perfect,perfect,"April 11, 2020",Wrong Fitment,5.0,0,https://www.amazon.ca/gp/profile/amzn1.account.AHLUOSATH4DMONWYXCUCQWLGUIGA/ref=cm_cr_getr_d_gw_btm?ie=UTF8,2020-10-05 17:16:01.340017,2020-10-05 17:16:01.511794,Hanes Men's ComfortSoft Long-Sleeve T-Shirt (Pack of 2),4.2,,Clothing & Accessories,B06XDB93M8,Hanes Branded Printwear,222
55,AFEMPHWVKFTKIC24YM46C5GJYY7A,True,Love it,Good seat shirt values it‚Äôs money,"March 8, 2019",Amazon Customer,5.0,0,https://www.amazon.ca/gp/profile/amzn1.account.AFEMPHWVKFTKIC24YM46C5GJYY7A/ref=cm_cr_getr_d_gw_btm?ie=UTF8,2020-10-05 17:16:01.517680,2020-10-05 17:16:01.657217,Hanes Men's ComfortSoft Long-Sleeve T-Shirt (Pack of 2),4.2,,Clothing & Accessories,B06XDB93M8,Hanes Branded Printwear,222
56,AFLVCRTHAMWIPJDOOPJ6YOO57AYA,True,Warm and comfortable,Like 'em!,"November 17, 2019",D D.,4.0,0,https://www.amazon.ca/gp/profile/amzn1.account.AFLVCRTHAMWIPJDOOPJ6YOO57AYA/ref=cm_cr_getr_d_gw_btm?ie=UTF8,2020-10-05 17:16:01.664049,2020-10-05 17:16:01.842656,Hanes Men's ComfortSoft Long-Sleeve T-Shirt (Pack of 2),4.2,,Clothing & Accessories,B06XDB93M8,Hanes Branded Printwear,222
57,AGAYG4VYP2TC3OULIL2F5PJZZ3HA,True,Found them,They are just what was looking for!!,"October 4, 2019",Sam Chretien,5.0,0,https://www.amazon.ca/gp/profile/amzn1.account.AGAYG4VYP2TC3OULIL2F5PJZZ3HA/ref=cm_cr_getr_d_gw_btm?ie=UTF8,2020-10-05 17:16:01.848512,2020-10-05 17:16:02.031999,Hanes Men's ComfortSoft Long-Sleeve T-Shirt (Pack of 2),4.2,,Clothing & Accessories,B06XDB93M8,Hanes Branded Printwear,222
58,AGIBRM2YWTIVJIYABDVE2LLBPKYQ,True,Unfortunately I won‚Äôt buy these again,Looks good but the material is a little heavy and they shrank the first wash.,"November 25, 2019",332 hunter,4.0,0,https://www.amazon.ca/gp/profile/amzn1.account.AGIBRM2YWTIVJIYABDVE2LLBPKYQ/ref=cm_cr_getr_d_gw_btm?ie=UTF8,2020-10-05 17:16:02.036879,2020-10-05 17:16:02.211583,Hanes Men's ComfortSoft Long-Sleeve T-Shirt (Pack of 2),4.2,,Clothing & Accessories,B06XDB93M8,Hanes Branded Printwear,222
59,AGUL4ALKH7P75LG5DAQXRMORCBZQ,True,Not quality,Sleeves too tight in forearm and wrists,"July 20, 2019",Amazon Customer,2.0,0,https://www.amazon.ca/gp/profile/amzn1.account.AGUL4ALKH7P75LG5DAQXRMORCBZQ/ref=cm_cr_getr_d_gw_btm?ie=UTF8,2020-10-05 17:16:02.217439,2020-10-05 17:16:02.364815,Hanes Men's ComfortSoft Long-Sleeve T-Shirt (Pack of 2),4.2,,Clothing & Accessories,B06XDB93M8,Hanes Branded Printwear,222
60,AEOVGE4VBNWQKNTAZT2P23RHONIQ,True,Should be 2 different colors though,Fits okay,"June 30, 2020",Poochie,5.0,0,https://www.amazon.ca/gp/profile/amzn1.account.AEOVGE4VBNWQKNTAZT2P23RHONIQ/ref=cm_cr_getr_d_gw_btm?ie=UTF8,2020-10-05 17:16:06.509215,2020-10-05 17:16:06.657567,Hanes Men's ComfortSoft Long-Sleeve T-Shirt (Pack of 2),4.2,,Clothing & Accessories,B06XDB93M8,Hanes Branded Printwear,222
61,AHR6L6XRTS6Q6YLYTWBGUUBXXBTA,True,Good buy.,"Fit well, like the tag less idea. Good deal","July 25, 2019",Amazon Customer,5.0,0,https://www.amazon.ca/gp/profile/amzn1.account.AHR6L6XRTS6Q6YLYTWBGUUBXXBTA/ref=cm_cr_getr_d_gw_btm?ie=UTF8,2020-10-05 17:16:06.663422,2020-10-05 17:16:06.831294,Hanes Men's ComfortSoft Long-Sleeve T-Shirt (Pack of 2),4.2,,Clothing & Accessories,B06XDB93M8,Hanes Branded Printwear,222
62,AGAP76YORFPAXSAPT2BADJXQBNWQ,True,Perfect,Perfect,"June 30, 2020",Vishnu,5.0,0,https://www.amazon.ca/gp/profile/amzn1.account.AGAP76YORFPAXSAPT2BADJXQBNWQ/ref=cm_cr_getr_d_gw_btm?ie=UTF8,2020-10-05 17:16:06.835198,2020-10-05 17:16:07.014782,Hanes Men's ComfortSoft Long-Sleeve T-Shirt (Pack of 2),4.2,,Clothing & Accessories,B06XDB93M8,Hanes Branded Printwear,222
63,AEVVSD4P3QSOMXTQOCRRDLLZPXKQ,True,Good value,Good value,"July 7, 2020",XYZ Inc.,5.0,0,https://www.amazon.ca/gp/profile/amzn1.account.AEVVSD4P3QSOMXTQOCRRDLLZPXKQ/ref=cm_cr_getr_d_gw_btm?ie=UTF8,2020-10-05 17:16:07.019662,2020-10-05 17:16:07.178749,Hanes Men's ComfortSoft Long-Sleeve T-Shirt (Pack of 2),4.2,,Clothing & Accessories,B06XDB93M8,Hanes Branded Printwear,222
64,AG3OX2PAIRWXKZSQJRT5O6YRGAUA,True,Five Stars,good quality and comfortable,"December 4, 2017",Dave Wallrich,5.0,1,https://www.amazon.ca/gp/profile/amzn1.account.AG3OX2PAIRWXKZSQJRT5O6YRGAUA/ref=cm_cr_getr_d_gw_btm?ie=UTF8,2020-10-05 17:16:07.183630,2020-10-05 17:16:07.392493,Hanes Men's ComfortSoft Long-Sleeve T-Shirt (Pack of 2),4.2,,Clothing & Accessories,B06XDB93M8,Hanes Branded Printwear,222
65,AHOJ3SY6JJWE4V4K5LYX7WXUMHRQ,True,super,pour tous les jours... super et confortable,"September 11, 2020",marc grandbois,5.0,0,https://www.amazon.ca/gp/profile/amzn1.account.AHOJ3SY6JJWE4V4K5LYX7WXUMHRQ/ref=cm_cr_getr_d_gw_btm?ie=UTF8,2020-10-05 17:16:07.397374,2020-10-05 17:16:07.539869,Hanes Men's ComfortSoft Long-Sleeve T-Shirt (Pack of 2),4.2,,Clothing & Accessories,B06XDB93M8,Hanes Branded Printwear,222
66,AFV2QCNBT4U7KSJFBA4YJD2AOZVQ,True,my go to rainy day top,as advertised,"May 20, 2019",george l,5.0,0,https://www.amazon.ca/gp/profile/amzn1.account.AFV2QCNBT4U7KSJFBA4YJD2AOZVQ/ref=cm_cr_getr_d_gw_btm?ie=UTF8,2020-10-05 17:16:07.544749,2020-10-05 17:16:07.746780,Hanes Men's ComfortSoft Long-Sleeve T-Shirt (Pack of 2),4.2,,Clothing & Accessories,B06XDB93M8,Hanes Branded Printwear,222
67,AFTM4KWEUZZNHCSAK7GWMFNH56TA,True,great product fits well,Great product fits well had to order 1 size up,"January 30, 2020",Ken Fiitzpatrick,4.0,0,https://www.amazon.ca/gp/profile/amzn1.account.AFTM4KWEUZZNHCSAK7GWMFNH56TA/ref=cm_cr_getr_d_gw_btm?ie=UTF8,2020-10-05 17:16:07.751660,2020-10-05 17:16:07.894156,Hanes Men's ComfortSoft Long-Sleeve T-Shirt (Pack of 2),4.2,,Clothing & Accessories,B06XDB93M8,Hanes Branded Printwear,222
68,AE3DHYOPITO26MAKZVRVEBTWMZTQ,True,gilets,c'est parfait valeur qualit√© prix,"September 23, 2018",Mario Paradis,4.0,0,https://www.amazon.ca/gp/profile/amzn1.account.AE3DHYOPITO26MAKZVRVEBTWMZTQ/ref=cm_cr_getr_d_gw_btm?ie=UTF8,2020-10-05 17:16:07.899035,2020-10-05 17:16:08.056171,Hanes Men's ComfortSoft Long-Sleeve T-Shirt (Pack of 2),4.2,,Clothing & Accessories,B06XDB93M8,Hanes Branded Printwear,222
69,AEDPI6TAALZZF6TSOPR7BRLM4P6A,True,"Not soft, hard cotton","Not soft at all, hard cotton feels like being scrubbed on body. I washed it before trying. I wish i could return.","September 5, 2020",pb,1.0,0,https://www.amazon.ca/gp/profile/amzn1.account.AEDPI6TAALZZF6TSOPR7BRLM4P6A/ref=cm_cr_getr_d_gw_btm?ie=UTF8,2020-10-05 17:16:08.061051,2020-10-05 17:16:08.229899,Hanes Men's ComfortSoft Long-Sleeve T-Shirt (Pack of 2),4.2,,Clothing & Accessories,B06XDB93M8,Hanes Branded Printwear,222
70,AGSXTPHAUYFJFMVBGX6KU2O43CAA,True,colour is not as shown as being in the picture,"great set of shirts, fit very well the only downside is it was not as dark of a black as id hoped its more of a charcoal colour then actually being black.","October 29, 2018",Kyle Croft,3.0,0,https://www.amazon.ca/gp/profile/amzn1.account.AGSXTPHAUYFJFMVBGX6KU2O43CAA/ref=cm_cr_getr_d_gw_btm?ie=UTF8,2020-10-05 17:16:14.353752,2020-10-05 17:16:14.518696,Hanes Men's ComfortSoft Long-Sleeve T-Shirt (Pack of 2),4.2,,Clothing & Accessories,B06XDB93M8,Hanes Branded Printwear,222
71,AFFMALCTZ3QLPX3GG2EKKOVEJMQQ,True,Good quality,"Bought it for my son, it was perfect fit.","December 18, 2019",sonia,5.0,0,https://www.amazon.ca/gp/profile/amzn1.account.AFFMALCTZ3QLPX3GG2EKKOVEJMQQ/ref=cm_cr_getr_d_gw_btm?ie=UTF8,2020-10-05 17:16:14.523576,2020-10-05 17:16:14.778326,Hanes Men's ComfortSoft Long-Sleeve T-Shirt (Pack of 2),4.2,,Clothing & Accessories,B06XDB93M8,Hanes Branded Printwear,222
72,AF7MOJXABUHVXWMPQSUICOJ2RNVA,True,Five Stars,"Hubby loved these T-Shirts, he wears them every day.","February 17, 2018",K.C.,5.0,0,https://www.amazon.ca/gp/profile/amzn1.account.AF7MOJXABUHVXWMPQSUICOJ2RNVA/ref=cm_cr_getr_d_gw_btm?ie=UTF8,2020-10-05 17:16:14.820279,2020-10-05 17:16:15.015478,Hanes Men's ComfortSoft Long-Sleeve T-Shirt (Pack of 2),4.2,,Clothing & Accessories,B06XDB93M8,Hanes Branded Printwear,222
73,AFKALQG5EJFAFOJZCMULLZKSSWVA,True,Very comfortable,Fits nice and I love it.,"January 23, 2020",IAMMIH,5.0,0,https://www.amazon.ca/gp/profile/amzn1.account.AFKALQG5EJFAFOJZCMULLZKSSWVA/ref=cm_cr_getr_d_gw_btm?ie=UTF8,2020-10-05 17:16:15.020361,2020-10-05 17:16:15.156022,Hanes Men's ComfortSoft Long-Sleeve T-Shirt (Pack of 2),4.2,,Clothing & Accessories,B06XDB93M8,Hanes Branded Printwear,222
74,AFNMUWP2LHT35R7FATOIUKABK5JA,True,Not exactly soft,Rough cotton!! Almost unwearable.,"December 28, 2019",Kindle Customer,2.0,0,https://www.amazon.ca/gp/profile/amzn1.account.AFNMUWP2LHT35R7FATOIUKABK5JA/ref=cm_cr_getr_d_gw_btm?ie=UTF8,2020-10-05 17:16:15.160903,2020-10-05 17:16:15.317061,Hanes Men's ComfortSoft Long-Sleeve T-Shirt (Pack of 2),4.2,,Clothing & Accessories,B06XDB93M8,Hanes Branded Printwear,222
75,AFG2ES4URJTMFVULMDMXLOVK46YQ,True,Would buy it again,Exactly what I ordered I got,"May 5, 2020",Dylan haskett,5.0,0,https://www.amazon.ca/gp/profile/amzn1.account.AFG2ES4URJTMFVULMDMXLOVK46YQ/ref=cm_cr_getr_d_gw_btm?ie=UTF8,2020-10-05 17:16:15.321942,2020-10-05 17:16:15.456630,Hanes Men's ComfortSoft Long-Sleeve T-Shirt (Pack of 2),4.2,,Clothing & Accessories,B06XDB93M8,Hanes Branded Printwear,222
76,AEZT2XINOBJDKHDJB4BXGUD7F7SQ,True,Reasonably priced and quality!,Comfortable!,"December 16, 2018",Lori Foster,5.0,0,https://www.amazon.ca/gp/profile/amzn1.account.AEZT2XINOBJDKHDJB4BXGUD7F7SQ/ref=cm_cr_getr_d_gw_btm?ie=UTF8,2020-10-05 17:16:15.461510,2020-10-05 17:16:15.597174,Hanes Men's ComfortSoft Long-Sleeve T-Shirt (Pack of 2),4.2,,Clothing & Accessories,B06XDB93M8,Hanes Branded Printwear,222
77,AFR6I4SSSHO4ATF6UP2K75WSCZFQ,True,Love them,Wonderfully comfortable.,"May 14, 2019",Mrs. Emmanuel,5.0,0,https://www.amazon.ca/gp/profile/amzn1.account.AFR6I4SSSHO4ATF6UP2K75WSCZFQ/ref=cm_cr_getr_d_gw_btm?ie=UTF8,2020-10-05 17:16:15.602054,2020-10-05 17:16:15.762157,Hanes Men's ComfortSoft Long-Sleeve T-Shirt (Pack of 2),4.2,,Clothing & Accessories,B06XDB93M8,Hanes Branded Printwear,222
78,AFCNB7CDUXGYVT46URXI47Z37SZQ,True,good value,"nice and comfortable,i'm a bigger guy and they fit fine","August 13, 2020",Amazon Customer,5.0,0,https://www.amazon.ca/gp/profile/amzn1.account.AFCNB7CDUXGYVT46URXI47Z37SZQ/ref=cm_cr_getr_d_gw_btm?ie=UTF8,2020-10-05 17:16:15.767037,2020-10-05 17:16:15.903677,Hanes Men's ComfortSoft Long-Sleeve T-Shirt (Pack of 2),4.2,,Clothing & Accessories,B06XDB93M8,Hanes Branded Printwear,222
79,AGS6HECAJKTZPWIE2WP2QXDIYCSA,True,Great T shirts.,Nice fit and texture,"January 15, 2019",Norm,5.0,0,https://www.amazon.ca/gp/profile/amzn1.account.AGS6HECAJKTZPWIE2WP2QXDIYCSA/ref=cm_cr_getr_d_gw_btm?ie=UTF8,2020-10-05 17:16:15.909533,2020-10-05 17:16:16.048124,Hanes Men's ComfortSoft Long-Sleeve T-Shirt (Pack of 2),4.2,,Clothing & Accessories,B06XDB93M8,Hanes Branded Printwear,222
80,AGKGNAHNEANSX5LCKPTI5SEZN2TQ,True,Material is kind of hard,The material for the short is kind of rough and I expected it to be softer.,"November 23, 2019",Komal  Gupta,2.0,0,https://www.amazon.ca/gp/profile/amzn1.account.AGKGNAHNEANSX5LCKPTI5SEZN2TQ/ref=cm_cr_getr_d_gw_btm?ie=UTF8,2020-10-05 17:16:18.193759,2020-10-05 17:16:18.331373,Hanes Men's ComfortSoft Long-Sleeve T-Shirt (Pack of 2),4.2,,Clothing & Accessories,B06XDB93M8,Hanes Branded Printwear,222
81,AELA3J5J625ZNNLDJBF7Y5PMLV4A,True,Four Stars,Feel good in it.,"March 28, 2018",Charlybegood,4.0,1,https://www.amazon.ca/gp/profile/amzn1.account.AELA3J5J625ZNNLDJBF7Y5PMLV4A/ref=cm_cr_getr_d_gw_btm?ie=UTF8,2020-10-05 17:16:18.336254,2020-10-05 17:16:18.475821,Hanes Men's ComfortSoft Long-Sleeve T-Shirt (Pack of 2),4.2,,Clothing & Accessories,B06XDB93M8,Hanes Branded Printwear,222
82,AFJVLH26ZNPPQUNYIY33NEGOVRXA,True,Five Stars,"fits good,, fast shipping","April 23, 2018",pat,5.0,0,https://www.amazon.ca/gp/profile/amzn1.account.AFJVLH26ZNPPQUNYIY33NEGOVRXA/ref=cm_cr_getr_d_gw_btm?ie=UTF8,2020-10-05 17:16:18.480702,2020-10-05 17:16:18.615389,Hanes Men's ComfortSoft Long-Sleeve T-Shirt (Pack of 2),4.2,,Clothing & Accessories,B06XDB93M8,Hanes Branded Printwear,222
83,AH7AF6MK4IP5JO5EQWJ2A3QX3GAQ,True,Comfortable and good fit,Comfortable,"June 20, 2019",Amazon Customer,5.0,0,https://www.amazon.ca/gp/profile/amzn1.account.AH7AF6MK4IP5JO5EQWJ2A3QX3GAQ/ref=cm_cr_getr_d_gw_btm?ie=UTF8,2020-10-05 17:16:18.619294,2020-10-05 17:16:18.799853,Hanes Men's ComfortSoft Long-Sleeve T-Shirt (Pack of 2),4.2,,Clothing & Accessories,B06XDB93M8,Hanes Branded Printwear,222
84,AFUHJX45WMS6T7VGD5VAFVTSGUPA,True,Good quality,"Good quality, can‚Äôt say much about the fit as it was a gift for someone","January 3, 2020",CK,5.0,0,https://www.amazon.ca/gp/profile/amzn1.account.AFUHJX45WMS6T7VGD5VAFVTSGUPA/ref=cm_cr_getr_d_gw_btm?ie=UTF8,2020-10-05 17:16:18.804732,2020-10-05 17:16:18.969676,Hanes Men's ComfortSoft Long-Sleeve T-Shirt (Pack of 2),4.2,,Clothing & Accessories,B06XDB93M8,Hanes Branded Printwear,222
85,AFJPKXQFD27PLHYVULHKBWRG5PWQ,True,Nice shirts,"fits well
not much shrinkage
comfortable","January 16, 2019",Dean Wilkinson,5.0,0,https://www.amazon.ca/gp/profile/amzn1.account.AFJPKXQFD27PLHYVULHKBWRG5PWQ/ref=cm_cr_getr_d_gw_btm?ie=UTF8,2020-10-05 17:16:18.978464,2020-10-05 17:16:19.168779,Hanes Men's ComfortSoft Long-Sleeve T-Shirt (Pack of 2),4.2,,Clothing & Accessories,B06XDB93M8,Hanes Branded Printwear,222
86,AG3I47ZSXE3NHE57JRH2YHLWX3KA,True,excellent product,"I just love these, would like to order more","February 1, 2019",joe reed,5.0,0,https://www.amazon.ca/gp/profile/amzn1.account.AG3I47ZSXE3NHE57JRH2YHLWX3KA/ref=cm_cr_getr_d_gw_btm?ie=UTF8,2020-10-05 17:16:19.174635,2020-10-05 17:16:19.345435,Hanes Men's ComfortSoft Long-Sleeve T-Shirt (Pack of 2),4.2,,Clothing & Accessories,B06XDB93M8,Hanes Branded Printwear,222
87,AFU2V7REAEQSA3ELQY5XFUUA7CIQ,True,fits well,very comfortable,"January 15, 2020",Mike,5.0,0,https://www.amazon.ca/gp/profile/amzn1.account.AFU2V7REAEQSA3ELQY5XFUUA7CIQ/ref=cm_cr_getr_d_gw_btm?ie=UTF8,2020-10-05 17:16:19.351292,2020-10-05 17:16:19.518187,Hanes Men's ComfortSoft Long-Sleeve T-Shirt (Pack of 2),4.2,,Clothing & Accessories,B06XDB93M8,Hanes Branded Printwear,222
88,AFOULFIYVCHAOAMUVFEO6XY36KSA,True,Fits small,Love sizing is a bit small,"July 26, 2020",Amazon Customer,4.0,0,https://www.amazon.ca/gp/profile/amzn1.account.AFOULFIYVCHAOAMUVFEO6XY36KSA/ref=cm_cr_getr_d_gw_btm?ie=UTF8,2020-10-05 17:16:19.525020,2020-10-05 17:16:19.693867,Hanes Men's ComfortSoft Long-Sleeve T-Shirt (Pack of 2),4.2,,Clothing & Accessories,B06XDB93M8,Hanes Branded Printwear,222
89,AHZPILYY7CODUNXYUJHKEVNVJWQA,True,Approved,Comfortable,"July 21, 2020",D,4.0,0,https://www.amazon.ca/gp/profile/amzn1.account.AHZPILYY7CODUNXYUJHKEVNVJWQA/ref=cm_cr_getr_d_gw_btm?ie=UTF8,2020-10-05 17:16:19.702650,2020-10-05 17:16:19.863690,Hanes Men's ComfortSoft Long-Sleeve T-Shirt (Pack of 2),4.2,,Clothing & Accessories,B06XDB93M8,Hanes Branded Printwear,222
90,AGKZQHUPNPGHRCTNOUONAXV7DMSA,True,Basic Black Longsleeve T-shirt,Price for 2 pack on Prime days was the deciding factor. Great value.,"August 4, 2019",Jason Firmin,4.0,0,https://www.amazon.ca/gp/profile/amzn1.account.AGKZQHUPNPGHRCTNOUONAXV7DMSA/ref=cm_cr_getr_d_gw_btm?ie=UTF8,2020-10-05 17:16:22.994926,2020-10-05 17:16:23.176463,Hanes Men's ComfortSoft Long-Sleeve T-Shirt (Pack of 2),4.2,,Clothing & Accessories,B06XDB93M8,Hanes Branded Printwear,222
91,AG3JDXBFARPSY44OURZPYCNPSLKA,True,Mauvaise qualite,Les couture ne son pas bonne..apres deux lavages sous les bras se sont decoussus,"February 14, 2019",black,2.0,0,https://www.amazon.ca/gp/profile/amzn1.account.AG3JDXBFARPSY44OURZPYCNPSLKA/ref=cm_cr_getr_d_gw_btm?ie=UTF8,2020-10-05 17:16:23.182319,2020-10-05 17:16:23.334574,Hanes Men's ComfortSoft Long-Sleeve T-Shirt (Pack of 2),4.2,,Clothing & Accessories,B06XDB93M8,Hanes Branded Printwear,222
92,AED4Z45W5LY3F4X2JCH7CYTS5XOQ,True,Simple,Simple.and works well,"August 17, 2020",Sunflower,5.0,0,https://www.amazon.ca/gp/profile/amzn1.account.AED4Z45W5LY3F4X2JCH7CYTS5XOQ/ref=cm_cr_getr_d_gw_btm?ie=UTF8,2020-10-05 17:16:23.340430,2020-10-05 17:16:23.503420,Hanes Men's ComfortSoft Long-Sleeve T-Shirt (Pack of 2),4.2,,Clothing & Accessories,B06XDB93M8,Hanes Branded Printwear,222
93,AHMCBXNFJQRL4IDJ4WKZTHPZH5RQ,True,Fits big,I really like the comfort.,"September 21, 2020",Brian H. Shantz,5.0,0,https://www.amazon.ca/gp/profile/amzn1.account.AHMCBXNFJQRL4IDJ4WKZTHPZH5RQ/ref=cm_cr_getr_d_gw_btm?ie=UTF8,2020-10-05 17:16:23.508301,2020-10-05 17:16:23.698620,Hanes Men's ComfortSoft Long-Sleeve T-Shirt (Pack of 2),4.2,,Clothing & Accessories,B06XDB93M8,Hanes Branded Printwear,222
94,AHVIQLDXXKSKGH2TLGEYPDK2ZQ2Q,True,R√©tr√©cie beaucoup au lavage,Bonne qualit√© mais r√©tr√©cie beaucoup au lavage,"February 7, 2020",Yoland Bordeleau,3.0,0,https://www.amazon.ca/gp/profile/amzn1.account.AHVIQLDXXKSKGH2TLGEYPDK2ZQ2Q/ref=cm_cr_getr_d_gw_btm?ie=UTF8,2020-10-05 17:16:23.704477,2020-10-05 17:16:23.868445,Hanes Men's ComfortSoft Long-Sleeve T-Shirt (Pack of 2),4.2,,Clothing & Accessories,B06XDB93M8,Hanes Branded Printwear,222
95,AETAZ5STCJYWJSZM5ALJ3K6BEYOQ,True,love the shirt,"just the right fit....would buy again....i wear in the house, nice enough to wear out","December 4, 2019",comfort at home,5.0,0,https://www.amazon.ca/gp/profile/amzn1.account.AETAZ5STCJYWJSZM5ALJ3K6BEYOQ/ref=cm_cr_getr_d_gw_btm?ie=UTF8,2020-10-05 17:16:23.874300,2020-10-05 17:16:24.034364,Hanes Men's ComfortSoft Long-Sleeve T-Shirt (Pack of 2),4.2,,Clothing & Accessories,B06XDB93M8,Hanes Branded Printwear,222
96,AHMKPYOUFISMUHI2CP7FESS2QGWA,True,Keep you warm,A great layering cold weather item,"January 15, 2020",Amazon Customer,5.0,0,https://www.amazon.ca/gp/profile/amzn1.account.AHMKPYOUFISMUHI2CP7FESS2QGWA/ref=cm_cr_getr_d_gw_btm?ie=UTF8,2020-10-05 17:16:24.039244,2020-10-05 17:16:24.184668,Hanes Men's ComfortSoft Long-Sleeve T-Shirt (Pack of 2),4.2,,Clothing & Accessories,B06XDB93M8,Hanes Branded Printwear,222
97,AE45GJRSNWNF2KOUPSPHAXCNDF5A,True,great clothing line,nil,"October 23, 2018",Amazon Customer,5.0,0,https://www.amazon.ca/gp/profile/amzn1.account.AE45GJRSNWNF2KOUPSPHAXCNDF5A/ref=cm_cr_getr_d_gw_btm?ie=UTF8,2020-10-05 17:16:24.188572,2020-10-05 17:16:24.349613,Hanes Men's ComfortSoft Long-Sleeve T-Shirt (Pack of 2),4.2,,Clothing & Accessories,B06XDB93M8,Hanes Branded Printwear,222
98,AF3YOG5PONQPBPOEDIL3X4NYQXSA,True,Wrong content,Product supposed to be 100% cotton. Received 90 cotton 10 polyester,"June 12, 2020",sheldon brandes,4.0,0,https://www.amazon.ca/gp/profile/amzn1.account.AF3YOG5PONQPBPOEDIL3X4NYQXSA/ref=cm_cr_getr_d_gw_btm?ie=UTF8,2020-10-05 17:16:24.353515,2020-10-05 17:16:24.517484,Hanes Men's ComfortSoft Long-Sleeve T-Shirt (Pack of 2),4.2,,Clothing & Accessories,B06XDB93M8,Hanes Branded Printwear,222
99,AEXNKBANSVUH2RO7TVIH5UE6VIEA,True,Ok quality,Shrinks after washes,"May 16, 2019",Alikhan,1.0,0,https://www.amazon.ca/gp/profile/amzn1.account.AEXNKBANSVUH2RO7TVIH5UE6VIEA/ref=cm_cr_getr_d_gw_btm?ie=UTF8,2020-10-05 17:16:24.521386,2020-10-05 17:16:24.683403,Hanes Men's ComfortSoft Long-Sleeve T-Shirt (Pack of 2),4.2,,Clothing & Accessories,B06XDB93M8,Hanes Branded Printwear,222
100,AH2FW7GLE4M5ZOEXTFSOPPMFNJ2A,True,The opening of the arms are weird !!,The shirt fit good but the opening of the arms are way to big !!!,"June 13, 2020",Guy F.,1.0,0,https://www.amazon.ca/gp/profile/amzn1.account.AH2FW7GLE4M5ZOEXTFSOPPMFNJ2A/ref=cm_cr_getr_d_gw_btm?ie=UTF8,2020-10-05 17:16:29.823716,2020-10-05 17:16:29.974995,Hanes Men's ComfortSoft Long-Sleeve T-Shirt (Pack of 2),4.2,,Clothing & Accessories,B06XDB93M8,Hanes Branded Printwear,222
101,AEWLQHQWGX7DOVJWH2YDTI4O2DLQ,True,Permit fit,Good material,"July 21, 2020",Gurpreet Thind,5.0,0,https://www.amazon.ca/gp/profile/amzn1.account.AEWLQHQWGX7DOVJWH2YDTI4O2DLQ/ref=cm_cr_getr_d_gw_btm?ie=UTF8,2020-10-05 17:16:29.979876,2020-10-05 17:16:30.129204,Hanes Men's ComfortSoft Long-Sleeve T-Shirt (Pack of 2),4.2,,Clothing & Accessories,B06XDB93M8,Hanes Branded Printwear,222
102,AFSIJBT4UII62YMQUED5F5LK333Q,True,Waste of money,"Waste of money I ordered dark grey got light grey , plus very poor fabric","June 29, 2020",Inder,1.0,0,https://www.amazon.ca/gp/profile/amzn1.account.AFSIJBT4UII62YMQUED5F5LK333Q/ref=cm_cr_getr_d_gw_btm?ie=UTF8,2020-10-05 17:16:30.133107,2020-10-05 17:16:30.278532,Hanes Men's ComfortSoft Long-Sleeve T-Shirt (Pack of 2),4.2,,Clothing & Accessories,B06XDB93M8,Hanes Branded Printwear,222
103,AEOLY7EMTVV4D3AVXYEGNXZ6UI5Q,True,Fits small,Fits small,"May 24, 2020",Tina Handley,3.0,0,https://www.amazon.ca/gp/profile/amzn1.account.AEOLY7EMTVV4D3AVXYEGNXZ6UI5Q/ref=cm_cr_getr_d_gw_btm?ie=UTF8,2020-10-05 17:16:30.283412,2020-10-05 17:16:30.438594,Hanes Men's ComfortSoft Long-Sleeve T-Shirt (Pack of 2),4.2,,Clothing & Accessories,B06XDB93M8,Hanes Branded Printwear,222
104,AFAOUL2BFSVTZUCW7TYQLZG6FFCA,True,NOT SOFT,ROUGH TEXTURE USED AS UNDERSHIRT,"January 23, 2020",Gail Beecher,3.0,0,https://www.amazon.ca/gp/profile/amzn1.account.AFAOUL2BFSVTZUCW7TYQLZG6FFCA/ref=cm_cr_getr_d_gw_btm?ie=UTF8,2020-10-05 17:16:30.443475,2020-10-05 17:16:30.588898,Hanes Men's ComfortSoft Long-Sleeve T-Shirt (Pack of 2),4.2,,Clothing & Accessories,B06XDB93M8,Hanes Branded Printwear,222
105,AEAXKX6XCBC3H2LN3QPN6KQNQ7JQ,True,Good,Great,"December 11, 2019",Bamidele Oluwasola Emmanuel,5.0,0,https://www.amazon.ca/gp/profile/amzn1.account.AEAXKX6XCBC3H2LN3QPN6KQNQ7JQ/ref=cm_cr_getr_d_gw_btm?ie=UTF8,2020-10-05 17:16:30.593778,2020-10-05 17:16:30.750913,Hanes Men's ComfortSoft Long-Sleeve T-Shirt (Pack of 2),4.2,,Clothing & Accessories,B06XDB93M8,Hanes Branded Printwear,222
106,AEOI324G2YMTXPUTTTN2HF25BDDA,True,True to size,True to size not big not small,"September 2, 2020",spencer,5.0,0,https://www.amazon.ca/gp/profile/amzn1.account.AEOI324G2YMTXPUTTTN2HF25BDDA/ref=cm_cr_getr_d_gw_btm?ie=UTF8,2020-10-05 17:16:30.755794,2020-10-05 17:16:30.934402,Hanes Men's ComfortSoft Long-Sleeve T-Shirt (Pack of 2),4.2,,Clothing & Accessories,B06XDB93M8,Hanes Branded Printwear,222
107,AHSKGTYPFX4SP45O2JV3P5KO6HQQ,True,Bon produit,"Pyjama, j'esp√®re qu'il sera assez chaud","January 2, 2020",Sr Christiane St-Amant,5.0,0,https://www.amazon.ca/gp/profile/amzn1.account.AHSKGTYPFX4SP45O2JV3P5KO6HQQ/ref=cm_cr_getr_d_gw_btm?ie=UTF8,2020-10-05 17:16:30.939280,2020-10-05 17:16:31.075921,Hanes Men's ComfortSoft Long-Sleeve T-Shirt (Pack of 2),4.2,,Clothing & Accessories,B06XDB93M8,Hanes Branded Printwear,222
108,AETYTQMVILN2DBGBUS377OPBU7YA,True,t-short good quality,it is good quality and very good description,"December 11, 2019",Anna,4.0,0,https://www.amazon.ca/gp/profile/amzn1.account.AETYTQMVILN2DBGBUS377OPBU7YA/ref=cm_cr_getr_d_gw_btm?ie=UTF8,2020-10-05 17:16:31.080800,2020-10-05 17:16:31.213536,Hanes Men's ComfortSoft Long-Sleeve T-Shirt (Pack of 2),4.2,,Clothing & Accessories,B06XDB93M8,Hanes Branded Printwear,222
109,AFZDVMANZ7BWVV37LVQS6ICZ2AFQ,True,Always knowing I'll get the right product,Was exactly what I was hoping to get,"March 13, 2020",Doug larush,5.0,0,https://www.amazon.ca/gp/profile/amzn1.account.AFZDVMANZ7BWVV37LVQS6ICZ2AFQ/ref=cm_cr_getr_d_gw_btm?ie=UTF8,2020-10-05 17:16:31.218416,2020-10-05 17:16:31.352128,Hanes Men's ComfortSoft Long-Sleeve T-Shirt (Pack of 2),4.2,,Clothing & Accessories,B06XDB93M8,Hanes Branded Printwear,222
110,AGK7EBILXYTJUSPXQERGSUJUKKCA,True,Comfortable,Nice comfortable long sleeve. Use it mainly for bed.,"January 15, 2020",Stephen,5.0,0,https://www.amazon.ca/gp/profile/amzn1.account.AGK7EBILXYTJUSPXQERGSUJUKKCA/ref=cm_cr_getr_d_gw_btm?ie=UTF8,2020-10-05 17:16:36.462111,2020-10-05 17:16:36.608511,Hanes Men's ComfortSoft Long-Sleeve T-Shirt (Pack of 2),4.2,,Clothing & Accessories,B06XDB93M8,Hanes Branded Printwear,222
111,AE7YZO7B3EQJGQKQA3CGQEMW5PPA,True,Not 100% cotton. Description is untrue. (10% poly.),Not 100% cotton as described.,"September 10, 2020",K. Labelle,1.0,0,https://www.amazon.ca/gp/profile/amzn1.account.AE7YZO7B3EQJGQKQA3CGQEMW5PPA/ref=cm_cr_getr_d_gw_btm?ie=UTF8,2020-10-05 17:16:36.613390,2020-10-05 17:16:36.758815,Hanes Men's ComfortSoft Long-Sleeve T-Shirt (Pack of 2),4.2,,Clothing & Accessories,B06XDB93M8,Hanes Branded Printwear,222
112,AFIMINXSCVNHFJNBN4RNMR6MAQNQ,True,Good product,Good overall,"January 1, 2020",Yogirajsinh Gohil,4.0,0,https://www.amazon.ca/gp/profile/amzn1.account.AFIMINXSCVNHFJNBN4RNMR6MAQNQ/ref=cm_cr_getr_d_gw_btm?ie=UTF8,2020-10-05 17:16:36.762719,2020-10-05 17:16:36.913022,Hanes Men's ComfortSoft Long-Sleeve T-Shirt (Pack of 2),4.2,,Clothing & Accessories,B06XDB93M8,Hanes Branded Printwear,222
113,AEV4UDSP7EMXTPCJ4RBDYGUT4X5Q,True,Great,Fits well,"July 17, 2020",Daniel L.,5.0,0,https://www.amazon.ca/gp/profile/amzn1.account.AEV4UDSP7EMXTPCJ4RBDYGUT4X5Q/ref=cm_cr_getr_d_gw_btm?ie=UTF8,2020-10-05 17:16:36.917901,2020-10-05 17:16:37.064302,Hanes Men's ComfortSoft Long-Sleeve T-Shirt (Pack of 2),4.2,,Clothing & Accessories,B06XDB93M8,Hanes Branded Printwear,222
114,AF6OG3Q44WIUE6FKVSTLBUZQMNJA,True,Very comfortable,"Fits very well, comfortable","May 25, 2020",Waylon ,4.0,0,https://www.amazon.ca/gp/profile/amzn1.account.AF6OG3Q44WIUE6FKVSTLBUZQMNJA/ref=cm_cr_getr_d_gw_btm?ie=UTF8,2020-10-05 17:16:37.069181,2020-10-05 17:16:37.245837,Hanes Men's ComfortSoft Long-Sleeve T-Shirt (Pack of 2),4.2,,Clothing & Accessories,B06XDB93M8,Hanes Branded Printwear,222
115,AHXIXRZ2CVE7BWGA5YYSDRB5LHHA,True,Too small.,Too small,"February 3, 2019",Amazon Customer,2.0,0,https://www.amazon.ca/gp/profile/amzn1.account.AHXIXRZ2CVE7BWGA5YYSDRB5LHHA/ref=cm_cr_getr_d_gw_btm?ie=UTF8,2020-10-05 17:16:37.250716,2020-10-05 17:16:37.398092,Hanes Men's ComfortSoft Long-Sleeve T-Shirt (Pack of 2),4.2,,Clothing & Accessories,B06XDB93M8,Hanes Branded Printwear,222
116,AFOLQ5SYV6E7GKDFLK4ZE3KXEGJA,True,Good item,Makes Perfect fit,"November 8, 2019",sandra,5.0,0,https://www.amazon.ca/gp/profile/amzn1.account.AFOLQ5SYV6E7GKDFLK4ZE3KXEGJA/ref=cm_cr_getr_d_gw_btm?ie=UTF8,2020-10-05 17:16:37.402972,2020-10-05 17:16:37.545467,Hanes Men's ComfortSoft Long-Sleeve T-Shirt (Pack of 2),4.2,,Clothing & Accessories,B06XDB93M8,Hanes Branded Printwear,222
117,AENRXXHBLUGKQUSQV7HLZDXUEXDA,True,Good quality,Fabrique is nice,"February 22, 2019",Richard  Cote,5.0,0,https://www.amazon.ca/gp/profile/amzn1.account.AENRXXHBLUGKQUSQV7HLZDXUEXDA/ref=cm_cr_getr_d_gw_btm?ie=UTF8,2020-10-05 17:16:37.550348,2020-10-05 17:16:37.728955,Hanes Men's ComfortSoft Long-Sleeve T-Shirt (Pack of 2),4.2,,Clothing & Accessories,B06XDB93M8,Hanes Branded Printwear,222
118,AHV2W2K6NELOJKPLYLZFQRQDMRSA,True,Not so soft,Vin ton not very soft,"March 8, 2020",Ypyul,3.0,0,https://www.amazon.ca/gp/profile/amzn1.account.AHV2W2K6NELOJKPLYLZFQRQDMRSA/ref=cm_cr_getr_d_gw_btm?ie=UTF8,2020-10-05 17:16:37.733835,2020-10-05 17:16:37.874380,Hanes Men's ComfortSoft Long-Sleeve T-Shirt (Pack of 2),4.2,,Clothing & Accessories,B06XDB93M8,Hanes Branded Printwear,222
119,AEXQYIPC6ETJGMVPPZGM24Z5YMWQ,True,It's what I expected,Perfect fit,"September 11, 2020",Leonardo Calder√≥n,4.0,0,https://www.amazon.ca/gp/profile/amzn1.account.AEXQYIPC6ETJGMVPPZGM24Z5YMWQ/ref=cm_cr_getr_d_gw_btm?ie=UTF8,2020-10-05 17:16:37.879259,2020-10-05 17:16:38.002235,Hanes Men's ComfortSoft Long-Sleeve T-Shirt (Pack of 2),4.2,,Clothing & Accessories,B06XDB93M8,Hanes Branded Printwear,222
120,AH6HOEGP4DZ3XODO5VKT6STERAMQ,True,Great product,Great,"February 6, 2020",lisa,5.0,0,https://www.amazon.ca/gp/profile/amzn1.account.AH6HOEGP4DZ3XODO5VKT6STERAMQ/ref=cm_cr_getr_d_gw_btm?ie=UTF8,2020-10-05 17:16:44.135784,2020-10-05 17:16:44.281207,Hanes Men's ComfortSoft Long-Sleeve T-Shirt (Pack of 2),4.2,,Clothing & Accessories,B06XDB93M8,Hanes Branded Printwear,222
121,AGPRIQIFM5YDRUJKOGUME3SOKVVQ,True,perfect fit,Shirts arrived as expected. Quality is great.,"May 9, 2019",Writer56,5.0,0,https://www.amazon.ca/gp/profile/amzn1.account.AGPRIQIFM5YDRUJKOGUME3SOKVVQ/ref=cm_cr_getr_d_gw_btm?ie=UTF8,2020-10-05 17:16:44.287063,2020-10-05 17:16:44.430535,Hanes Men's ComfortSoft Long-Sleeve T-Shirt (Pack of 2),4.2,,Clothing & Accessories,B06XDB93M8,Hanes Branded Printwear,222
122,AHE7I3AW6MFIORRCE4Z2JGQU65QA,False,"Not true to size, order a size smaller. Otherwise good quality!","Not true to size, bigger than expected and already pre-shrunk. Purchased 3XL.","January 19, 2019",Gillian,5.0,0,https://www.amazon.ca/gp/profile/amzn1.account.AHE7I3AW6MFIORRCE4Z2JGQU65QA/ref=cm_cr_getr_d_gw_btm?ie=UTF8,2020-10-05 17:16:44.434440,2020-10-05 17:16:44.556470,Hanes Men's ComfortSoft Long-Sleeve T-Shirt (Pack of 2),4.2,,Clothing & Accessories,B06XDB93M8,Hanes Branded Printwear,222
123,AFMZXQWEYFIXM65S25CGP4TQQAEQ,False,T-shirt,Pretty Good buy but material is not soft. Will have to see after washing about keeping its shape etc.,"May 3, 2020",Doug,3.0,0,https://www.amazon.ca/gp/profile/amzn1.account.AFMZXQWEYFIXM65S25CGP4TQQAEQ/ref=cm_cr_getr_d_gw_btm?ie=UTF8,2020-10-05 17:16:44.561343,2020-10-05 17:16:44.708722,Hanes Men's ComfortSoft Long-Sleeve T-Shirt (Pack of 2),4.2,,Clothing & Accessories,B06XDB93M8,Hanes Branded Printwear,222
124,AFL234ISZ3YKUH3R7LSFXPRNFYZA,False,Work fine as expected,Work fine as expected,"December 4, 2019",St√©phane Goyette,5.0,0,https://www.amazon.ca/gp/profile/amzn1.account.AFL234ISZ3YKUH3R7LSFXPRNFYZA/ref=cm_cr_getr_d_gw_btm?ie=UTF8,2020-10-05 17:16:44.714579,2020-10-05 17:16:44.835603,Hanes Men's ComfortSoft Long-Sleeve T-Shirt (Pack of 2),4.2,,Clothing & Accessories,B06XDB93M8,Hanes Branded Printwear,222
125,AEMYBMNBMFPFDRMVVHJACQOCHVBQ,True,Affordable and they work well.,They aren't as thick or soft as regular shirts but they work well for the price.,"January 17, 2019",Amazon Customer,5.0,0,https://www.amazon.ca/gp/profile/amzn1.account.AEMYBMNBMFPFDRMVVHJACQOCHVBQ/ref=cm_cr_getr_d_gw_btm?ie=UTF8,2020-10-05 17:16:44.840483,2020-10-05 17:16:44.969314,Hanes Men's ComfortSoft Long-Sleeve T-Shirt (Pack of 2),4.2,,Clothing & Accessories,B06XDB93M8,Hanes Branded Printwear,222
126,AGYHXEIABW47ZRCHANWHSNOSPYMA,True,Will order again,Great clothing,"October 26, 2019",Jason Leroux 1,5.0,0,https://www.amazon.ca/gp/profile/amzn1.account.AGYHXEIABW47ZRCHANWHSNOSPYMA/ref=cm_cr_getr_d_gw_btm?ie=UTF8,2020-10-05 17:16:44.974193,2020-10-05 17:16:45.120594,Hanes Men's ComfortSoft Long-Sleeve T-Shirt (Pack of 2),4.2,,Clothing & Accessories,B06XDB93M8,Hanes Branded Printwear,222
127,AF2PKW7EK7NHDHKUBGT4XPMDBZ2Q,True,poor quaility material and bad shape !!!! size does not fit...,"these products are very poor quality and very bad shape . I am 192 cm tall and 90 kg weigth but this product did not fit and the material are very cheap.
I would like to refund these items I did not use them.
But I ordered these item to my brother adrees in Canada and my brother had brougth to me in Turkey. It is possible to send you end of March because my brother will come back to Canada end of March
waiting for your reply.","February 18, 2019",Selcuk,1.0,0,https://www.amazon.ca/gp/profile/amzn1.account.AF2PKW7EK7NHDHKUBGT4XPMDBZ2Q/ref=cm_cr_getr_d_gw_btm?ie=UTF8,2020-10-05 17:16:45.134257,2020-10-05 17:16:45.266018,Hanes Men's ComfortSoft Long-Sleeve T-Shirt (Pack of 2),4.2,,Clothing & Accessories,B06XDB93M8,Hanes Branded Printwear,222
